{"accuracy": [0.5883346796035767, 0.8215862512588501, 0.8745707273483276, 0.9053148031234741, 0.9318070411682129, 0.9417824745178223, 0.9504497051239014, 0.9659307599067688, 0.9661487936973572, 0.9704551696777344], "loss": [1.154984951019287, 0.5168254375457764, 0.36237651109695435, 0.27246224880218506, 0.19697453081607819, 0.17184118926525116, 0.14157071709632874, 0.10107337683439255, 0.0980319231748581, 0.08632504194974899], "val_accuracy": [0.7587786316871643, 0.8575790524482727, 0.8959650993347168, 0.9105779528617859, 0.9360959529876709, 0.9326063394546509, 0.9112322926521301, 0.9443838596343994, 0.9376226663589478, 0.9153762459754944], "val_loss": [0.7108405232429504, 0.4070203900337219, 0.30977264046669006, 0.26091480255126953, 0.19200393557548523, 0.21836265921592712, 0.28525644540786743, 0.1924637109041214, 0.20119543373584747, 0.3062662184238434]}